{"cameraMode":{"drawMode":0,"name":"Shaded","section":"Shading Mode"},"sceneLighting":true,"audioPlay":false,"sceneViewState":{"m_AlwaysRefresh":false,"showFog":true,"showSkybox":true,"showFlares":true,"showImageEffects":true,"showParticleSystems":true,"showVisualEffectGraphs":true,"m_FxEnabled":true},"in2DMode":false,"pivot":{"x":-13.025405883789063,"y":-12.452066421508789,"z":93.38919067382813},"rotation":{"x":0.06398952007293701,"y":-0.9345714449882507,"z":0.21914249658584596,"w":0.27288496494293215},"size":99.01860046386719,"orthographic":false}