{"cameraMode":{"drawMode":0,"name":"Shaded","section":"Shading Mode"},"sceneLighting":true,"audioPlay":false,"sceneViewState":{"m_AlwaysRefresh":false,"showFog":true,"showSkybox":true,"showFlares":true,"showImageEffects":true,"showParticleSystems":true,"showVisualEffectGraphs":true,"m_FxEnabled":true},"in2DMode":false,"pivot":{"x":2.4416956901550295,"y":-0.9266924858093262,"z":4.022185325622559},"rotation":{"x":-0.12071457505226135,"y":-0.17738842964172364,"z":0.021930407732725145,"w":-0.9764659404754639},"size":6.625113010406494,"orthographic":false}